timestamp_iso,orb_id
2026-05-09T16:02:06.990,room_1_orb_4
2026-05-09T16:02:26.141,room_1_orb_1
2026-05-09T16:02:39.797,room_1_orb_2
2026-05-09T16:02:47.161,room_1_orb_3
2026-05-09T16:03:18.741,room_2_orb_1
2026-05-09T16:03:39.017,room_2_orb_2
2026-05-09T16:04:26.282,room_2_orb_3
2026-05-09T16:04:33.147,room_2_orb_4
2026-05-09T16:05:06.378,room_3_orb_1
2026-05-09T16:05:23.919,room_3_orb_2
2026-05-09T16:05:38.599,room_3_orb_3
2026-05-09T16:05:54.698,room_3_orb_4
2026-05-09T16:06:05.364,room_4_orb_1
2026-05-09T16:06:12.168,room_4_orb_2
2026-05-09T16:06:37.337,room_4_orb_3
2026-05-09T16:06:54.365,room_4_orb_4
